Metric,Value
CNN Macro-F1,0.646232063291884
CNN Accuracy,0.7788089713843774
XGBoost MAE,0.42598030313324
XGBoost R²,0.996737819194576
